O*NET-SOC Code,Title,Element Name,Hot Technology,In Demand
15-1254.00,Web Developers,Word processing software,N,N
15-1254.00,Web Developers,Document management software,Y,N
15-1254.00,Web Developers,Development environment software,N,N
15-1254.00,Web Developers,Video creation and editing software,Y,N
15-1254.00,Web Developers,Graphics or photo imaging software,Y,N
15-1254.00,Web Developers,Web page creation and editing software,N,N
15-1254.00,Web Developers,Web platform development software,N,N
15-1254.00,Web Developers,Desktop publishing software,Y,N
15-1254.00,Web Developers,Object or component oriented development software,N,N
15-1254.00,Web Developers,Data base user interface and query software,N,N
15-1254.00,Web Developers,Web platform development software,Y,N
15-1254.00,Web Developers,Data base management system software,Y,N
15-1254.00,Web Developers,Data base user interface and query software,Y,N
15-1254.00,Web Developers,Data base management system software,N,N
15-1254.00,Web Developers,Storage networking software,N,N
15-1254.00,Web Developers,Cloud-based management software,Y,N
15-1254.00,Web Developers,Data base user interface and query software,Y,Y
15-1254.00,Web Developers,Expert system software,Y,N
15-1254.00,Web Developers,Portal server software,N,N
15-1254.00,Web Developers,Development environment software,Y,Y
15-1254.00,Web Developers,Development environment software,Y,N
15-1254.00,Web Developers,Object or component oriented development software,Y,N
15-1254.00,Web Developers,Video creation and editing software,N,N
15-1254.00,Web Developers,Presentation software,N,N
15-1254.00,Web Developers,Operating system software,Y,N
15-1254.00,Web Developers,Enterprise application integration software,N,N
15-1254.00,Web Developers,Application server software,Y,N
15-1254.00,Web Developers,Project management software,Y,N
15-1254.00,Web Developers,Instant messaging software,N,N
15-1254.00,Web Developers,Content workflow software,Y,Y
15-1254.00,Web Developers,Object or component oriented development software,Y,Y
15-1254.00,Web Developers,Web platform development software,Y,Y
15-1254.00,Web Developers,Configuration management software,Y,N
15-1254.00,Web Developers,Video conferencing software,Y,N
15-1254.00,Web Developers,Transaction server software,N,N
15-1254.00,Web Developers,Financial analysis software,N,N
15-1254.00,Web Developers,Application server software,Y,Y
15-1254.00,Web Developers,Cloud-based data access and sharing software,N,N
15-1254.00,Web Developers,Medical software,Y,N
15-1254.00,Web Developers,Geographic information system,Y,N
15-1254.00,Web Developers,Enterprise application integration software,Y,N
15-1254.00,Web Developers,Web page creation and editing software,Y,N
15-1254.00,Web Developers,Graphical user interface development software,Y,N
15-1254.00,Web Developers,Geographic information system,N,N
15-1254.00,Web Developers,File versioning software,Y,Y
15-1254.00,Web Developers,Sales and marketing software,N,N
15-1254.00,Web Developers,Data mining software,Y,N
15-1254.00,Web Developers,Cloud-based management software,N,N
15-1254.00,Web Developers,Word processing software,Y,N
15-1254.00,Web Developers,Video conferencing software,N,N
15-1254.00,Web Developers,Operating system software,N,N
15-1254.00,Web Developers,Program testing software,N,N
15-1254.00,Web Developers,Object oriented data base management software,Y,N
15-1254.00,Web Developers,Sales and marketing software,Y,N
15-1254.00,Web Developers,Business intelligence and data analysis software,N,N
15-1254.00,Web Developers,Communications server software,N,N
15-1254.00,Web Developers,Electronic mail software,N,N
15-1254.00,Web Developers,Enterprise system management software,N,N
15-1254.00,Web Developers,Analytical or scientific software,Y,N
15-1254.00,Web Developers,Process mapping and design software,N,N
15-1254.00,Web Developers,Graphics or photo imaging software,N,N
15-1254.00,Web Developers,Web platform development software,N,Y
15-1254.00,Web Developers,Enterprise application integration software,Y,Y
15-1254.00,Web Developers,Program testing software,Y,N
15-1254.00,Web Developers,Operating system software,Y,Y
15-1254.00,Web Developers,Application server software,N,N
15-1254.00,Web Developers,Enterprise resource planning ERP software,N,N
15-1254.00,Web Developers,Spreadsheet software,Y,N
15-1254.00,Web Developers,Office suite software,Y,N
15-1254.00,Web Developers,Desktop publishing software,N,N
15-1254.00,Web Developers,Data base reporting software,Y,N
15-1254.00,Web Developers,Process mapping and design software,Y,N
15-1254.00,Web Developers,Data base management system software,Y,Y
15-1254.00,Web Developers,Computer based training software,N,N
15-1254.00,Web Developers,Network monitoring software,N,N
15-1254.00,Web Developers,Transaction security and virus protection software,N,N
15-1254.00,Web Developers,Customer relationship management CRM software,N,N
15-1254.00,Web Developers,Configuration management software,N,N
15-1254.00,Web Developers,Object oriented data base management software,Y,Y
15-1254.00,Web Developers,Metadata management software,N,N
15-1254.00,Web Developers,Customer relationship management CRM software,Y,N
15-1254.00,Web Developers,Graphical user interface development software,N,N
15-1254.00,Web Developers,Data base reporting software,N,N
15-1254.00,Web Developers,Enterprise resource planning ERP software,Y,N
15-1254.00,Web Developers,Content workflow software,N,N
15-1254.00,Web Developers,Desktop communications software,N,N
15-1254.00,Web Developers,Cloud-based data access and sharing software,Y,N
15-1254.00,Web Developers,Business intelligence and data analysis software,Y,N
15-1254.00,Web Developers,Requirements analysis and system architecture software,N,N
15-1254.00,Web Developers,Development environment software,N,Y
15-1254.00,Web Developers,Web page creation and editing software,Y,Y
